"true_total","GCTA_total","prop_total","sub_GCTA_total","sub_prop_total","var_GCTA","var_sub_GCTA","var_prop","var_sub_prop"
50.6688126508126,109.399542804435,50.494897262646,110.707509010292,50.3150353288098,503.33052815574,90.2018989320794,481.432196279809,17.8712033406545
